premise,hypothesis,source,target,labels

"When I pulled the pin out, it had a hole. I stuck a pin through a carrot.",The carrot had a hole.,"['I stuck a pin through a carrot', 'When I pulled the pin out, it had a hole.']","['The carrot had a hole.', 'The carrot had a hole.']","['entailAlign', 'unaligned']"

The police arrested all of the gang members. They were trying to stop the drug trade in the neighborhood.,The police were trying to stop the drug trade in the neighborhood.,"['The police arrested all of the gang members', 'They were trying to stop the drug trade in the neighborhood.']","['The police were trying to stop the drug trade in the neighborhood.', 'The police were trying to stop the drug trade in the neighborhood.']","['entailAlign', 'unaligned']"

He influences him hugely. Steve follows Fred's example in everything.,Steve influences him hugely.,"[""Steve follows Fred's example in everything"", 'He influences him hugely.']","['Steve influences him hugely.', 'Steve influences him hugely.']","['entailAlign', 'unaligned']"

"She was careful not to disturb her, undressing and climbing back into her berth. When Tatyana reached the cabin, her mother was sleeping.","mother was careful not to disturb her, undressing and climbing back into her berth.","['When Tatyana reached the cabin, her mother was sleeping', 'She was careful not to disturb her, undressing and climbing back into her berth.']","['mother was careful not to disturb her, undressing and climbing back into her berth.', 'mother was careful not to disturb her, undressing and climbing back into her berth.']","['entailAlign', 'unaligned']"

He was very impressive. John was jogging through the park when he saw a man juggling watermelons.,John was very impressive.,"['John was jogging through the park when he saw a man juggling watermelons', 'He was very impressive.']","['John was very impressive.', 'John was very impressive.']","['entailAlign', 'unaligned']"

"But he could not help him now, for Dad said that his boss at the railroad company would not want anyone but him to work in the office. Always before, Larry had helped Dad with his work.",Dad could not help him now.,"['Always before, Larry had helped Dad with his work', 'But he could not help him now, for Dad said that his boss at the railroad company would not want anyone but him to work in the office.']","['Dad could not help him now.', 'Dad could not help him now.']","['entailAlign', 'unaligned']"

I put the cake away in the refrigerator. It has a lot of butter in it.,The cake has a lot of butter in it.,"['I put the cake away in the refrigerator', 'It has a lot of butter in it.']","['The cake has a lot of butter in it.', 'The cake has a lot of butter in it.']","['entailAlign', 'unaligned']"

"Vardi, who has invented a device that turns animals invisible; Lionel plans to use it on Geoffrey and send him to steal nuclear material from an army vault. Lionel is holding captive a scientist, Dr.",Lionel plans to use it on Geoffrey and send Lionel to steal nuclear material from an army vault.,"['Lionel is holding captive a scientist, Dr', 'Vardi, who has invented a device that turns animals invisible; Lionel plans to use it on Geoffrey and send him to steal nuclear material from an army vault.']","['Lionel plans to use it on Geoffrey and send Lionel to steal nuclear material from an army vault.', 'Lionel plans to use it on Geoffrey and send Lionel to steal nuclear material from an army vault.']","['entailAlign', 'unaligned']"

The foxes are getting in at night and attacking the chickens. They have gotten very bold.,The foxes have gotten very bold.,"['The foxes are getting in at night and attacking the chickens', 'They have gotten very bold.']","['The foxes have gotten very bold.', 'The foxes have gotten very bold.']","['entailAlign', 'unaligned']"

"If Adam hadn't had a sudden run of good luck, he would have won. Bob was playing cards with Adam and was way ahead.",Adam would have won.,"['Bob was playing cards with Adam and was way ahead', ""If Adam hadn't had a sudden run of good luck, he would have won.""]","['Adam would have won.', 'Adam would have won.']","['entailAlign', 'unaligned']"

Sam broke both his ankles and he's walking with crutches. But a month or so from now they should be better.,The crutches should be better.,"[""Sam broke both his ankles and he's walking with crutches"", 'But a month or so from now they should be better.']","['The crutches should be better.', 'The crutches should be better.']","['entailAlign', 'unaligned']"

"Grant worked hard to harvest his beans so he and his family would have enough to eat that winter, His friend Henry let him stack them in his barn where they would dry. Later, he and Tatyana would shell them and cook them for their Sunday dinners.",His friend Henry let him stack Grant and his family in his barn where they would dry.,"['Grant worked hard to harvest his beans so he and his family would have enough to eat that winter, His friend Henry let him stack them in his barn where they would dry', 'Later, he and Tatyana would shell them and cook them for their Sunday dinners.']","['His friend Henry let him stack Grant and his family in his barn where they would dry.', 'His friend Henry let him stack Grant and his family in his barn where they would dry.']","['entailAlign', 'unaligned']"

"Jane knocked on the door, and Susan answered it. She invited her to come out.",Jane invited her to come out.,"['Jane knocked on the door, and Susan answered it', 'She invited her to come out.']","['Jane invited her to come out.', 'Jane invited her to come out.']","['entailAlign', 'unaligned']"

Dan had to stop Bill from toying with the injured bird. He is very cruel.,Bill is very cruel.,"['Dan had to stop Bill from toying with the injured bird', 'He is very cruel.']","['Bill is very cruel.', 'Bill is very cruel.']","['entailAlign', 'unaligned']"

He will be moving into it on Thursday. Joe has sold his house and bought a new one a few miles away.,He will be moving into The new house on Thursday.,"['Joe has sold his house and bought a new one a few miles away', 'He will be moving into it on Thursday.']","['He will be moving into The new house on Thursday.', 'He will be moving into The new house on Thursday.']","['entailAlign', 'unaligned']"

"Always before, Larry had helped Dad with his work. But he could not help him now, for Dad said that his boss at the railroad company would not want anyone but him to work in the office.",He could not help Dad now.,"['Always before, Larry had helped Dad with his work', 'But he could not help him now, for Dad said that his boss at the railroad company would not want anyone but him to work in the office.']","['He could not help Dad now.', 'He could not help Dad now.']","['entailAlign', 'unaligned']"

"Archaeologists have concluded that humans lived in Laputa 20,000 years ago. They hunted for deer on the river banks.",Prehistoric humans hunted for deer on the river banks.,"['Archaeologists have concluded that humans lived in Laputa 20,000 years ago', 'They hunted for deer on the river banks.']","['Prehistoric humans hunted for deer on the river banks.', 'Prehistoric humans hunted for deer on the river banks.']","['entailAlign', 'unaligned']"

She writes it when she gets home from work. Sara borrowed the book from the library because she needs it for an article she is working on.,She writes the book when she gets home from work.,"['Sara borrowed the book from the library because she needs it for an article she is working on', 'She writes it when she gets home from work.']","['She writes the book when she gets home from work.', 'She writes the book when she gets home from work.']","['entailAlign', 'unaligned']"

Sara borrowed the book from the library because she needs it for an article she is working on. She reads it when she gets home from work.,She reads the article when she gets home from work.,"['Sara borrowed the book from the library because she needs it for an article she is working on', 'She reads it when she gets home from work.']","['She reads the article when she gets home from work.', 'She reads the article when she gets home from work.']","['entailAlign', 'unaligned']"

Mark heard Steve's feet going down the ladder. The door of the shop closed after him. He ran to look out the window.,The door of the shop closed after Steve.,"[""Mark heard Steve's feet going down the ladder"", 'The door of the shop closed after him']","['The door of the shop closed after Steve.', 'The door of the shop closed after Steve.']","['entailAlign', 'unaligned']"

"Fred is the only man alive who still remembers my father as an infant. When Fred first saw my father, he was twelve years old.","When Fred first saw my father, My father was twelve years old.","['Fred is the only man alive who still remembers my father as an infant', 'When Fred first saw my father, he was twelve years old.']","['When Fred first saw my father, My father was twelve years old.', 'When Fred first saw my father, My father was twelve years old.']","['entailAlign', 'unaligned']"

"Tatyana knew that Grandma always enjoyed serving an abundance of food to her guests. Now Tatyana watched as Grandma gathered Tatyana's small mother into a wide, scrawny embrace and then propelled her to the table, lifting her shawl from her shoulders, seating her in the place of honor, and saying simply: ""There's plenty.""","Grandma gathered Tatyana's small mother into a wide, scrawny embrace and then propelled Grandma to the table.","['Tatyana knew that Grandma always enjoyed serving an abundance of food to her guests', 'Now Tatyana watched as Grandma gathered Tatyana\'s small mother into a wide, scrawny embrace and then propelled her to the table, lifting her shawl from her shoulders, seating her in the place of honor, and saying simply: ""There\'s plenty.""']","[""Grandma gathered Tatyana's small mother into a wide, scrawny embrace and then propelled Grandma to the table."", ""Grandma gathered Tatyana's small mother into a wide, scrawny embrace and then propelled Grandma to the table.""]","['entailAlign', 'unaligned']"

Fred watched TV while George went out to buy groceries. After an hour he got back.,George got back.,"['Fred watched TV while George went out to buy groceries', 'After an hour he got back.']","['George got back.', 'George got back.']","['entailAlign', 'unaligned']"

"I don't know why he was, but he looked very unhappy. I saw Jim yelling at some guy in a military uniform with a huge red beard.","I don't know why the guy in uniform was, but he looked very unhappy.","['I saw Jim yelling at some guy in a military uniform with a huge red beard', ""I don't know why he was, but he looked very unhappy.""]","[""I don't know why the guy in uniform was, but he looked very unhappy."", ""I don't know why the guy in uniform was, but he looked very unhappy.""]","['entailAlign', 'unaligned']"

Singer's heels Mark was close to Mr.,Mr. Singer heard him calling for the captain,"['Mark was close to Mr', ""Singer's heels""]","['Mr. Singer heard him calling for the captain', 'Mr. Singer heard him calling for the captain']","['entailAlign', 'unaligned']"

Fred is the only man still alive who remembers my great-grandfather. He was a remarkable man.,My great-grandfather was a remarkable man.,"['Fred is the only man still alive who remembers my great-grandfather', 'He was a remarkable man.']","['My great-grandfather was a remarkable man.', 'My great-grandfather was a remarkable man.']","['entailAlign', 'unaligned']"

But a new study from the University of Wisconsin psychologist George Lincoln argues that that's exactly how it makes us feel. No one joins Facebook to be sad and lonely.,That's exactly how the study makes us feel.,"['No one joins Facebook to be sad and lonely', ""But a new study from the University of Wisconsin psychologist George Lincoln argues that that's exactly how it makes us feel.""]","[""That's exactly how the study makes us feel."", ""That's exactly how the study makes us feel.""]","['entailAlign', 'unaligned']"

Bob paid for Charlie's college education. He is very generous.,Bob is very generous.,"[""Bob paid for Charlie's college education"", 'He is very generous.']","['Bob is very generous.', 'Bob is very generous.']","['entailAlign', 'unaligned']"

"Dexter Haven, a pallid young dandy holding a jade-handled walking stick, with a poodle asleep at his feet. Equally swoon-worthy is C.K.","Equally swoon-worthy is C.K. Dexter Haven, a pallid young dandy holding a jade-handled walking stick, with a poodle asleep at Haven's feet.","['Equally swoon-worthy is C.K', 'Dexter Haven, a pallid young dandy holding a jade-handled walking stick, with a poodle asleep at his feet.']","[""Equally swoon-worthy is C.K. Dexter Haven, a pallid young dandy holding a jade-handled walking stick, with a poodle asleep at Haven's feet."", ""Equally swoon-worthy is C.K. Dexter Haven, a pallid young dandy holding a jade-handled walking stick, with a poodle asleep at Haven's feet.""]","['entailAlign', 'unaligned']"

He will be moving out of it on Thursday. Joe has sold his house and bought a new one a few miles away.,He will be moving out of The old house on Thursday.,"['Joe has sold his house and bought a new one a few miles away', 'He will be moving out of it on Thursday.']","['He will be moving out of The old house on Thursday.', 'He will be moving out of The old house on Thursday.']","['entailAlign', 'unaligned']"

Mark heard Steve's feet going down the ladder. The door of the shop closed after him. He ran to look out the window.,The door of the shop closed after Mark.,"[""Mark heard Steve's feet going down the ladder"", 'The door of the shop closed after him']","['The door of the shop closed after Mark.', 'The door of the shop closed after Mark.']","['entailAlign', 'unaligned']"

"It is not easy to space buttonholes exactly the same distance apart, and it is very difficult to cut them precisely the right size. The tiniest slip of the scissors will make the hole too large, and even one thread uncut will leave it too small.",Even one thread uncut will leave the right size too small.,"['It is not easy to space buttonholes exactly the same distance apart, and it is very difficult to cut them precisely the right size', 'The tiniest slip of the scissors will make the hole too large, and even one thread uncut will leave it too small.']","['Even one thread uncut will leave the right size too small.', 'Even one thread uncut will leave the right size too small.']","['entailAlign', 'unaligned']"

The fish ate the worm. It was hungry.,The worm was hungry.,"['The fish ate the worm', 'It was hungry.']","['The worm was hungry.', 'The worm was hungry.']","['entailAlign', 'unaligned']"

"They were very cooperative, so the interview lasted for a long time. The journalists interviewed the stars of the new movie.","The journalists were very cooperative, so the interview lasted for a long time.","['The journalists interviewed the stars of the new movie', 'They were very cooperative, so the interview lasted for a long time.']","['The journalists were very cooperative, so the interview lasted for a long time.', 'The journalists were very cooperative, so the interview lasted for a long time.']","['entailAlign', 'unaligned']"

At that date he had been travelling for five years. Thomson visited Cooper's grave in 1765.,Cooper had been travelling for five years.,"[""Thomson visited Cooper's grave in 1765"", 'At that date he had been travelling for five years.']","['Cooper had been travelling for five years.', 'Cooper had been travelling for five years.']","['entailAlign', 'unaligned']"

"Alice was dusting the living room and trying to find the button that Mama had hidden. No time today to look at old pictures in her favorite photo album. Today she had to hunt for a button, so she put the album on a chair without even opening it.",She put the album on a chair without even opening the living room.,"['Alice was dusting the living room and trying to find the button that Mama had hidden', 'No time today to look at old pictures in her favorite photo album']","['She put the album on a chair without even opening the living room.', 'She put the album on a chair without even opening the living room.']","['entailAlign', 'unaligned']"

The foxes are getting in at night and attacking the chickens. I shall have to kill them.,I shall have to kill The foxes.,"['The foxes are getting in at night and attacking the chickens', 'I shall have to kill them.']","['I shall have to kill The foxes.', 'I shall have to kill The foxes.']","['entailAlign', 'unaligned']"

"Pam's parents came home and found her having sex with her boyfriend, Paul. They were furious about it.",Pam's parents were furious about it.,"[""Pam's parents came home and found her having sex with her boyfriend, Paul"", 'They were furious about it.']","[""Pam's parents were furious about it."", ""Pam's parents were furious about it.""]","['entailAlign', 'unaligned']"

He was immediately taken to the hospital. The customer walked into the bank and stabbed one of the tellers.,The customer was immediately taken to the hospital.,"['The customer walked into the bank and stabbed one of the tellers', 'He was immediately taken to the hospital.']","['The customer was immediately taken to the hospital.', 'The customer was immediately taken to the hospital.']","['entailAlign', 'unaligned']"

Mama came over and sat down beside Alice. Gently she stroked her hair and let the child weep.,Mama stroked her hair and let the child weep.,"['Mama came over and sat down beside Alice', 'Gently she stroked her hair and let the child weep.']","['Mama stroked her hair and let the child weep.', 'Mama stroked her hair and let the child weep.']","['entailAlign', 'unaligned']"

"He was afraid the stable boys at the Burlington Stables struck at him and bullied him because he was timid, so he took upon himself the feeding and care of the animal. Mark became absorbed in Blaze, the white horse.",Mark was afraid the stable boys at the Burlington Stables struck at him and bullied him.,"['Mark became absorbed in Blaze, the white horse', 'He was afraid the stable boys at the Burlington Stables struck at him and bullied him because he was timid, so he took upon himself the feeding and care of the animal.']","['Mark was afraid the stable boys at the Burlington Stables struck at him and bullied him.', 'Mark was afraid the stable boys at the Burlington Stables struck at him and bullied him.']","['entailAlign', 'unaligned']"

"By rolling over in her upper berth, Tatyana could look over the edge of it and see her mother plainly. How very small and straight and rigid she lay in the bunk below! Her eyes were closed, but Tatyana doubted if she slept.",Tatyana doubted if her mother slept.,"['By rolling over in her upper berth, Tatyana could look over the edge of it and see her mother plainly', 'How very small and straight and rigid she lay in the bunk below! Her eyes were closed, but Tatyana doubted if she slept.']","['Tatyana doubted if her mother slept.', 'Tatyana doubted if her mother slept.']","['entailAlign', 'unaligned']"

Bob collapsed on the sidewalk. Soon he saw Carl coming to help. He was very ill.,Bob was very ill.,"['Bob collapsed on the sidewalk', 'Soon he saw Carl coming to help']","['Bob was very ill.', 'Bob was very ill.']","['entailAlign', 'unaligned']"

Grace was happy to trade me her sweater for my jacket. She thinks it looks dowdy on her.,The sweater looks dowdy on her.,"['Grace was happy to trade me her sweater for my jacket', 'She thinks it looks dowdy on her.']","['The sweater looks dowdy on her.', 'The sweater looks dowdy on her.']","['entailAlign', 'unaligned']"

He is very grateful. Bob paid for Charlie's college education.,Charlie is very grateful.,"[""Bob paid for Charlie's college education"", 'He is very grateful.']","['Charlie is very grateful.', 'Charlie is very grateful.']","['entailAlign', 'unaligned']"

Grace was happy to trade me her sweater for my jacket. She thinks it looks great on her.,The sweater looks great on her.,"['Grace was happy to trade me her sweater for my jacket', 'She thinks it looks great on her.']","['The sweater looks great on her.', 'The sweater looks great on her.']","['entailAlign', 'unaligned']"

Schmidt took a long nap Every day after dinner Mr.,Mr. Schmidt's work was beautiful.,"['Every day after dinner Mr', 'Schmidt took a long nap']","[""Mr. Schmidt's work was beautiful."", ""Mr. Schmidt's work was beautiful.""]","['entailAlign', 'unaligned']"

"Since Yakutsk's army was much better equipped and ten times larger, they were defeated within weeks. In July, Kamtchatka declared war on Yakutsk.",Yakutsk was defeated within weeks.,"['In July, Kamtchatka declared war on Yakutsk', ""Since Yakutsk's army was much better equipped and ten times larger, they were defeated within weeks.""]","['Yakutsk was defeated within weeks.', 'Yakutsk was defeated within weeks.']","['entailAlign', 'unaligned']"

She reads it when she gets home from work. Sara borrowed the book from the library because she needs it for an article she is working on.,She reads the book when she gets home from work.,"['Sara borrowed the book from the library because she needs it for an article she is working on', 'She reads it when she gets home from work.']","['She reads the book when she gets home from work.', 'She reads the book when she gets home from work.']","['entailAlign', 'unaligned']"

He was immediately taken to the police station. The customer walked into the bank and stabbed one of the tellers.,The teller was immediately taken to the police station.,"['The customer walked into the bank and stabbed one of the tellers', 'He was immediately taken to the police station.']","['The teller was immediately taken to the police station.', 'The teller was immediately taken to the police station.']","['entailAlign', 'unaligned']"

"If Bob had left home for work on time, he would be here by this time. Adam can't leave work here until Bob arrives to replace him.",Bob would be here by this time.,"[""Adam can't leave work here until Bob arrives to replace him"", 'If Bob had left home for work on time, he would be here by this time.']","['Bob would be here by this time.', 'Bob would be here by this time.']","['entailAlign', 'unaligned']"

At that date he had been dead for five years. Thomson visited Cooper's grave in 1765.,Cooper had been dead for five years.,"[""Thomson visited Cooper's grave in 1765"", 'At that date he had been dead for five years.']","['Cooper had been dead for five years.', 'Cooper had been dead for five years.']","['entailAlign', 'unaligned']"

"Fred was supposed to run the dishwasher, but he put it off, because he wanted to watch TV. But the show turned out to be boring, so he changed his mind and turned it on.",He changed his mind and turned the TV on.,"['Fred was supposed to run the dishwasher, but he put it off, because he wanted to watch TV', 'But the show turned out to be boring, so he changed his mind and turned it on.']","['He changed his mind and turned the TV on.', 'He changed his mind and turned the TV on.']","['entailAlign', 'unaligned']"

"When Tatyana reached the cabin, her mother was sleeping. She was careful not to disturb her, undressing and climbing back into her berth.","Tatyana was careful not to disturb her, undressing and climbing back into her berth.","['When Tatyana reached the cabin, her mother was sleeping', 'She was careful not to disturb her, undressing and climbing back into her berth.']","['Tatyana was careful not to disturb her, undressing and climbing back into her berth.', 'Tatyana was careful not to disturb her, undressing and climbing back into her berth.']","['entailAlign', 'unaligned']"

"Bernard, who had not told the government official that he was less than 21 when he filed for a homestead claim, did not consider that he had done anything dishonest. Still, anyone who knew that he was 19 years old could take his claim away from him.",Anyone who knew that he was 19 years old could take his claim away from the government official.,"['Bernard, who had not told the government official that he was less than 21 when he filed for a homestead claim, did not consider that he had done anything dishonest', 'Still, anyone who knew that he was 19 years old could take his claim away from him.']","['Anyone who knew that he was 19 years old could take his claim away from the government official.', 'Anyone who knew that he was 19 years old could take his claim away from the government official.']","['entailAlign', 'unaligned']"

Fred is the only man still alive who remembers my great-grandfather. He is a remarkable man.,My great-grandfather is a remarkable man.,"['Fred is the only man still alive who remembers my great-grandfather', 'He is a remarkable man.']","['My great-grandfather is a remarkable man.', 'My great-grandfather is a remarkable man.']","['entailAlign', 'unaligned']"

I put the cake away in the refrigerator. It has a lot of leftovers in it.,The cake has a lot of leftovers in it.,"['I put the cake away in the refrigerator', 'It has a lot of leftovers in it.']","['The cake has a lot of leftovers in it.', 'The cake has a lot of leftovers in it.']","['entailAlign', 'unaligned']"

Steve follows Fred's example in everything. He influences him hugely.,Fred influences him hugely.,"[""Steve follows Fred's example in everything"", 'He influences him hugely.']","['Fred influences him hugely.', 'Fred influences him hugely.']","['entailAlign', 'unaligned']"

"When Tatyana reached the cabin, her mother was sleeping. She was careful not to disturb her , undressing and climbing back into her berth.","She was careful not to disturb her mother , undressing and climbing back into her berth.","['When Tatyana reached the cabin, her mother was sleeping', 'She was careful not to disturb her , undressing and climbing back into her berth.']","['She was careful not to disturb her mother , undressing and climbing back into her berth.', 'She was careful not to disturb her mother , undressing and climbing back into her berth.']","['entailAlign', 'unaligned']"

"I couldn't find a spoon, so I tried using a pen to stir my coffee. But that turned out to be a bad idea, because it got full of ink.",The coffee got full of ink.,"[""I couldn't find a spoon, so I tried using a pen to stir my coffee"", 'But that turned out to be a bad idea, because it got full of ink.']","['The coffee got full of ink.', 'The coffee got full of ink.']","['entailAlign', 'unaligned']"

"But that turned out to be a bad idea, because it got full of ink. I couldn't find a spoon, so I tried using a pen to stir my coffee.",The pen got full of ink.,"[""I couldn't find a spoon, so I tried using a pen to stir my coffee"", 'But that turned out to be a bad idea, because it got full of ink.']","['The pen got full of ink.', 'The pen got full of ink.']","['entailAlign', 'unaligned']"

He was very impressed. John was jogging through the park when he saw a man juggling watermelons.,John was very impressed.,"['John was jogging through the park when he saw a man juggling watermelons', 'He was very impressed.']","['John was very impressed.', 'John was very impressed.']","['entailAlign', 'unaligned']"

"He lowered them when the wind stopped. Fred covered his eyes with his hands, because the wind was blowing sand around.",He lowered his eyes when the wind stopped.,"['Fred covered his eyes with his hands, because the wind was blowing sand around', 'He lowered them when the wind stopped.']","['He lowered his eyes when the wind stopped.', 'He lowered his eyes when the wind stopped.']","['entailAlign', 'unaligned']"

There is a gap in the wall. You can see the garden behind it.,You can see the garden through the wall.,"['There is a gap in the wall', 'You can see the garden behind it.']","['You can see the garden through the wall.', 'You can see the garden through the wall.']","['entailAlign', 'unaligned']"

"Dora asked what it was, and Dad said it was firecrackers. Even before they reached town, they could hear a sound like corn popping.",Dora asked what the sound was.,"['Even before they reached town, they could hear a sound like corn popping', 'Dora asked what it was, and Dad said it was firecrackers.']","['Dora asked what the sound was.', 'Dora asked what the sound was.']","['entailAlign', 'unaligned']"

"Fred was supposed to run the dishwasher, but he put it off, because he wanted to watch TV. But the show turned out to be boring, so he changed his mind and turned it on.",He changed his mind and turned the dishwasher on.,"['Fred was supposed to run the dishwasher, but he put it off, because he wanted to watch TV', 'But the show turned out to be boring, so he changed his mind and turned it on.']","['He changed his mind and turned the dishwasher on.', 'He changed his mind and turned the dishwasher on.']","['entailAlign', 'unaligned']"

I shall have to kill them. The foxes are getting in at night and attacking the chickens.,I shall have to kill The chickens.,"['The foxes are getting in at night and attacking the chickens', 'I shall have to kill them.']","['I shall have to kill The chickens.', 'I shall have to kill The chickens.']","['entailAlign', 'unaligned']"

"Papa looked down at the children's faces, so puzzled and sad now. It was bad enough that they had to be denied so many things because he couldn't afford them.",It was bad enough that the faces had to be denied so many things because he couldn't afford them.,"[""Papa looked down at the children's faces, so puzzled and sad now"", ""It was bad enough that they had to be denied so many things because he couldn't afford them.""]","[""It was bad enough that the faces had to be denied so many things because he couldn't afford them."", ""It was bad enough that the faces had to be denied so many things because he couldn't afford them.""]","['entailAlign', 'unaligned']"

"It waited at the top. The dog chased the cat, which ran up a tree.",The dog waited at the top.,"['The dog chased the cat, which ran up a tree', 'It waited at the top.']","['The dog waited at the top.', 'The dog waited at the top.']","['entailAlign', 'unaligned']"

He admires him hugely. Steve follows Fred's example in everything.,Fred admires him hugely.,"[""Steve follows Fred's example in everything"", 'He admires him hugely.']","['Fred admires him hugely.', 'Fred admires him hugely.']","['entailAlign', 'unaligned']"

"The dog chased the cat, which ran up a tree. It waited at the bottom.",The dog waited at the bottom.,"['The dog chased the cat, which ran up a tree', 'It waited at the bottom.']","['The dog waited at the bottom.', 'The dog waited at the bottom.']","['entailAlign', 'unaligned']"

Soon he saw Carl coming to help Bob collapsed on the sidewalk.,Carl was very concerned.,"['Bob collapsed on the sidewalk', 'Soon he saw Carl coming to help']","['Carl was very concerned.', 'Carl was very concerned.']","['entailAlign', 'unaligned']"

But a month or so from now they should be unnecessary. Sam broke both his ankles and he's walking with crutches.,The crutches should be unnecessary.,"[""Sam broke both his ankles and he's walking with crutches"", 'But a month or so from now they should be unnecessary.']","['The crutches should be unnecessary.', 'The crutches should be unnecessary.']","['entailAlign', 'unaligned']"

"I stuck a pin through a carrot. When I pulled the pin out, it left a hole.",The carrot left a hole.,"['I stuck a pin through a carrot', 'When I pulled the pin out, it left a hole.']","['The carrot left a hole.', 'The carrot left a hole.']","['entailAlign', 'unaligned']"

Of one thing Mark was sure. Harry knew much less than he did.,Harry knew much less than Mark did.,"['Of one thing Mark was sure', 'Harry knew much less than he did.']","['Harry knew much less than Mark did.', 'Harry knew much less than Mark did.']","['entailAlign', 'unaligned']"

"It was a summer afternoon, and the dog was sitting in the middle of the lawn. After a while, it got up and moved to a spot under the tree, because it was hot.",The dog was hot.,"['It was a summer afternoon, and the dog was sitting in the middle of the lawn', 'After a while, it got up and moved to a spot under the tree, because it was hot.']","['The dog was hot.', 'The dog was hot.']","['entailAlign', 'unaligned']"

He was very annoyed. John was doing research in the library when he heard a man humming and whistling.,John was very annoyed.,"['John was doing research in the library when he heard a man humming and whistling', 'He was very annoyed.']","['John was very annoyed.', 'John was very annoyed.']","['entailAlign', 'unaligned']"

Mary took out her flute and played one of her favorite pieces. She has loved it since she was a child.,She has loved the piece since she was a child.,"['Mary took out her flute and played one of her favorite pieces', 'She has loved it since she was a child.']","['She has loved the piece since she was a child.', 'She has loved the piece since she was a child.']","['entailAlign', 'unaligned']"

"Fred is the only man alive who still remembers my father as an infant. When Fred first saw my father, he was twelve months old.","When Fred first saw my father, Fred was twelve months old.","['Fred is the only man alive who still remembers my father as an infant', 'When Fred first saw my father, he was twelve months old.']","['When Fred first saw my father, Fred was twelve months old.', 'When Fred first saw my father, Fred was twelve months old.']","['entailAlign', 'unaligned']"

"She invited her to come out. Jane knocked on the door, and Susan answered it.",Susan invited her to come out.,"['Jane knocked on the door, and Susan answered it', 'She invited her to come out.']","['Susan invited her to come out.', 'Susan invited her to come out.']","['entailAlign', 'unaligned']"

She thinks it looks dowdy on her. Grace was happy to trade me her sweater for my jacket.,The jacket looks dowdy on her.,"['Grace was happy to trade me her sweater for my jacket', 'She thinks it looks dowdy on her.']","['The jacket looks dowdy on her.', 'The jacket looks dowdy on her.']","['entailAlign', 'unaligned']"

"Pam's parents came home and found her having sex with her boyfriend, Paul. They were furious about it.",Pam and Paul were furious about it.,"[""Pam's parents came home and found her having sex with her boyfriend, Paul"", 'They were furious about it.']","['Pam and Paul were furious about it.', 'Pam and Paul were furious about it.']","['entailAlign', 'unaligned']"

"Now, I have to get it removed. In the storm, the tree fell down and crashed through the roof of my house.",Now I have to get The tree removed.,"['In the storm, the tree fell down and crashed through the roof of my house', 'Now, I have to get it removed.']","['Now I have to get The tree removed.', 'Now I have to get The tree removed.']","['entailAlign', 'unaligned']"

"But the show turned out to be boring, so he changed his mind and turned it off. Fred was supposed to run the dishwasher, but he put it off, because he wanted to watch TV.",He changed his mind and turned the TV off.,"['Fred was supposed to run the dishwasher, but he put it off, because he wanted to watch TV', 'But the show turned out to be boring, so he changed his mind and turned it off.']","['He changed his mind and turned the TV off.', 'He changed his mind and turned the TV off.']","['entailAlign', 'unaligned']"

"It is not easy to space buttonholes exactly the same distance apart, and it is very difficult to cut them precisely the right size. The tiniest slip of the scissors will make the hole too large, and even one thread uncut will leave it too small.",Even one thread uncut will leave one thread too small.,"['It is not easy to space buttonholes exactly the same distance apart, and it is very difficult to cut them precisely the right size', 'The tiniest slip of the scissors will make the hole too large, and even one thread uncut will leave it too small.']","['Even one thread uncut will leave one thread too small.', 'Even one thread uncut will leave one thread too small.']","['entailAlign', 'unaligned']"

"Everyone really loved the oatmeal cookies; only a few people liked the chocolate chip cookies. Next time, we should make more of them.",We should make more of the oatmeal cookies.,"['Everyone really loved the oatmeal cookies; only a few people liked the chocolate chip cookies', 'Next time, we should make more of them.']","['We should make more of the oatmeal cookies.', 'We should make more of the oatmeal cookies.']","['entailAlign', 'unaligned']"

"He was afraid the stable boys at the Burlington Stables struck at him and bullied him because he was timid, so he took upon himself the feeding and care of the animal. Mark became absorbed in Blaze, the white horse.",Blaze took upon himself the feeding and care of the animal.,"['Mark became absorbed in Blaze, the white horse', 'He was afraid the stable boys at the Burlington Stables struck at him and bullied him because he was timid, so he took upon himself the feeding and care of the animal.']","['Blaze took upon himself the feeding and care of the animal.', 'Blaze took upon himself the feeding and care of the animal.']","['entailAlign', 'unaligned']"

"Alice was dusting the living room and trying to find the button that Mama had hidden. No time today to look at old pictures in her favorite photo album. Today she had to hunt for a button, so she put the album on a chair without even opening it.",Mama had to hunt for a button.,"['Alice was dusting the living room and trying to find the button that Mama had hidden', 'No time today to look at old pictures in her favorite photo album']","['Mama had to hunt for a button.', 'Mama had to hunt for a button.']","['entailAlign', 'unaligned']"

"Mr. Moncrieff visited Chester's luxurious New York apartment, thinking that it belonged to his son Edward. The result was that Mr. Moncrieff has decided to cancel Edward's allowance on the ground that he no longer requires his financial support.",Edward no longer requires his financial support.,"['Mr', ""Moncrieff visited Chester's luxurious New York apartment, thinking that it belonged to his son Edward""]","['Edward no longer requires his financial support.', 'Edward no longer requires his financial support.']","['entailAlign', 'unaligned']"

He was very annoyed. John was doing research in the library when he heard a man humming and whistling.,The man was very annoyed.,"['John was doing research in the library when he heard a man humming and whistling', 'He was very annoyed.']","['The man was very annoyed.', 'The man was very annoyed.']","['entailAlign', 'unaligned']"

"It is not easy to space buttonholes exactly the same distance apart, and it is very difficult to cut them precisely the right size. The tiniest slip of the scissors will make the hole too large, and even one thread uncut will leave it too small.",Even one thread uncut will leave the slip too small.,"['It is not easy to space buttonholes exactly the same distance apart, and it is very difficult to cut them precisely the right size', 'The tiniest slip of the scissors will make the hole too large, and even one thread uncut will leave it too small.']","['Even one thread uncut will leave the slip too small.', 'Even one thread uncut will leave the slip too small.']","['entailAlign', 'unaligned']"

"The tiniest slip of the scissors will make the hole too large, and even one thread uncut will leave it too small. It is not easy to space buttonholes exactly the same distance apart, and it is very difficult to cut them precisely the right size.",Even one thread uncut will leave the scissors too small.,"['It is not easy to space buttonholes exactly the same distance apart, and it is very difficult to cut them precisely the right size', 'The tiniest slip of the scissors will make the hole too large, and even one thread uncut will leave it too small.']","['Even one thread uncut will leave the scissors too small.', 'Even one thread uncut will leave the scissors too small.']","['entailAlign', 'unaligned']"

"They were very cooperative, so the interview lasted for a long time. The journalists interviewed the stars of the new movie.","The stars were very cooperative, so the interview lasted for a long time.","['The journalists interviewed the stars of the new movie', 'They were very cooperative, so the interview lasted for a long time.']","['The stars were very cooperative, so the interview lasted for a long time.', 'The stars were very cooperative, so the interview lasted for a long time.']","['entailAlign', 'unaligned']"

Anne gave birth to a daughter last month. She is a very charming woman.,Anne's daughter is a very charming woman.,"['Anne gave birth to a daughter last month', 'She is a very charming woman.']","[""Anne's daughter is a very charming woman."", ""Anne's daughter is a very charming woman.""]","['entailAlign', 'unaligned']"

Of one thing Mark was sure. Harry knew much less than he did.,Harry knew much less than Harry did.,"['Of one thing Mark was sure', 'Harry knew much less than he did.']","['Harry knew much less than Harry did.', 'Harry knew much less than Harry did.']","['entailAlign', 'unaligned']"

At that date he had been dead for five years. Thomson visited Cooper's grave in 1765.,Thomson had been dead for five years.,"[""Thomson visited Cooper's grave in 1765"", 'At that date he had been dead for five years.']","['Thomson had been dead for five years.', 'Thomson had been dead for five years.']","['entailAlign', 'unaligned']"

"He should have been more skeptical. Mark told Pete many lies about himself, which Pete included in his book.",Mark should have been more skeptical.,"['Mark told Pete many lies about himself, which Pete included in his book', 'He should have been more skeptical.']","['Mark should have been more skeptical.', 'Mark should have been more skeptical.']","['entailAlign', 'unaligned']"

"My meeting started at 4:00 and I needed to catch the train at 4:30, so there wasn't much time. Luckily, it was delayed, so it worked out.","The meeting was delayed, so it worked out.","[""My meeting started at 4:00 and I needed to catch the train at 4:30, so there wasn't much time"", 'Luckily, it was delayed, so it worked out.']","['The meeting was delayed, so it worked out.', 'The meeting was delayed, so it worked out.']","['entailAlign', 'unaligned']"

They have gotten very nervous. The foxes are getting in at night and attacking the chickens.,The foxes have gotten very nervous.,"['The foxes are getting in at night and attacking the chickens', 'They have gotten very nervous.']","['The foxes have gotten very nervous.', 'The foxes have gotten very nervous.']","['entailAlign', 'unaligned']"

I put the cake away in the refrigerator. It has a lot of leftovers in it.,The refrigerator has a lot of leftovers in it.,"['I put the cake away in the refrigerator', 'It has a lot of leftovers in it.']","['The refrigerator has a lot of leftovers in it.', 'The refrigerator has a lot of leftovers in it.']","['entailAlign', 'unaligned']"

The fish ate the worm. It was tasty.,The worm was tasty.,"['The fish ate the worm', 'It was tasty.']","['The worm was tasty.', 'The worm was tasty.']","['entailAlign', 'unaligned']"

"Lionel is holding captive a scientist, Dr. Vardi, who has invented a device that turns animals invisible; Lionel plans to use it on Geoffrey and send him to steal nuclear material from an army vault.",Lionel plans to use it on Geoffrey and send Geoffrey to steal nuclear material from an army vault.,"['Lionel is holding captive a scientist, Dr', 'Vardi, who has invented a device that turns animals invisible; Lionel plans to use it on Geoffrey and send him to steal nuclear material from an army vault.']","['Lionel plans to use it on Geoffrey and send Geoffrey to steal nuclear material from an army vault.', 'Lionel plans to use it on Geoffrey and send Geoffrey to steal nuclear material from an army vault.']","['entailAlign', 'unaligned']"

"Bernard, who had not told the government official that he was less than 21 when he filed for a homestead claim, did not consider that he had done anything dishonest. Still, anyone who knew that he was 19 years old could take his claim away from him.",The government official was less than 21 when he filed for a homestead claim.,"['Bernard, who had not told the government official that he was less than 21 when he filed for a homestead claim, did not consider that he had done anything dishonest', 'Still, anyone who knew that he was 19 years old could take his claim away from him.']","['The government official was less than 21 when he filed for a homestead claim.', 'The government official was less than 21 when he filed for a homestead claim.']","['entailAlign', 'unaligned']"

Gently she stroked her hair and let the child weep. Mama came over and sat down beside Alice.,Alice stroked her hair and let the child weep.,"['Mama came over and sat down beside Alice', 'Gently she stroked her hair and let the child weep.']","['Alice stroked her hair and let the child weep.', 'Alice stroked her hair and let the child weep.']","['entailAlign', 'unaligned']"

"Since she always has good luck, Alice spotted her quickly. Alice looked for her friend Jade in the crowd.","Since Jade always has good luck, Alice spotted her quickly.","['Alice looked for her friend Jade in the crowd', 'Since she always has good luck, Alice spotted her quickly.']","['Since Jade always has good luck, Alice spotted her quickly.', 'Since Jade always has good luck, Alice spotted her quickly.']","['entailAlign', 'unaligned']"

"Next time, we should make more of them. Everyone really loved the oatmeal cookies; only a few people liked the chocolate chip cookies.",We should make more of the chocolate chip cookies.,"['Everyone really loved the oatmeal cookies; only a few people liked the chocolate chip cookies', 'Next time, we should make more of them.']","['We should make more of the chocolate chip cookies.', 'We should make more of the chocolate chip cookies.']","['entailAlign', 'unaligned']"

Singer's heels Mark was close to Mr.,He heard Mr. Singer calling for the captain.,"['Mark was close to Mr', ""Singer's heels""]","['He heard Mr. Singer calling for the captain.', 'He heard Mr. Singer calling for the captain.']","['entailAlign', 'unaligned']"

He was very impressive. John was jogging through the park when he saw a man juggling watermelons.,The juggler was very impressive.,"['John was jogging through the park when he saw a man juggling watermelons', 'He was very impressive.']","['The juggler was very impressive.', 'The juggler was very impressive.']","['entailAlign', 'unaligned']"

"They were very much in the majority. When the sponsors of the bill got to the town hall, they were surprised to find that the room was full of opponents.",The opponents were very much in the majority.,"['When the sponsors of the bill got to the town hall, they were surprised to find that the room was full of opponents', 'They were very much in the majority.']","['The opponents were very much in the majority.', 'The opponents were very much in the majority.']","['entailAlign', 'unaligned']"

"Grant worked hard to harvest his beans so he and his family would have enough to eat that winter, His friend Henry let him stack them in his barn where they would dry. Later, he and Tatyana would shell them and cook them for their Sunday dinners.",His friend Henry let him stack the beans in his barn where they would dry.,"['Grant worked hard to harvest his beans so he and his family would have enough to eat that winter, His friend Henry let him stack them in his barn where they would dry', 'Later, he and Tatyana would shell them and cook them for their Sunday dinners.']","['His friend Henry let him stack the beans in his barn where they would dry.', 'His friend Henry let him stack the beans in his barn where they would dry.']","['entailAlign', 'unaligned']"

"She was out. Jane knocked on Susan's door, but there was no answer.",Jane was out.,"[""Jane knocked on Susan's door, but there was no answer"", 'She was out.']","['Jane was out.', 'Jane was out.']","['entailAlign', 'unaligned']"

"She invited her to come in. Jane knocked on the door, and Susan answered it.",Jane invited her to come in.,"['Jane knocked on the door, and Susan answered it', 'She invited her to come in.']","['Jane invited her to come in.', 'Jane invited her to come in.']","['entailAlign', 'unaligned']"

"Larry, a timid teen-ager, lives with his widowed mother in a Brooklyn housing project. Larry's father, a gang leader, was shot to death; his father's disciple, Antonio, takes Larry under his wing, and quickly molds him into a drug runner.","His father's disciple, Antonio, takes Larry under his wing, and quickly molds Larry's father into a drug runner.","['Larry, a timid teen-ager, lives with his widowed mother in a Brooklyn housing project', ""Larry's father, a gang leader, was shot to death; his father's disciple, Antonio, takes Larry under his wing, and quickly molds him into a drug runner.""]","[""His father's disciple, Antonio, takes Larry under his wing, and quickly molds Larry's father into a drug runner."", ""His father's disciple, Antonio, takes Larry under his wing, and quickly molds Larry's father into a drug runner.""]","['entailAlign', 'unaligned']"

"Fred covered his eyes with his hands, because the wind was blowing sand around. He lowered them when the wind stopped.",He lowered his hands when the wind stopped.,"['Fred covered his eyes with his hands, because the wind was blowing sand around', 'He lowered them when the wind stopped.']","['He lowered his hands when the wind stopped.', 'He lowered his hands when the wind stopped.']","['entailAlign', 'unaligned']"

Crowley like a prince until he made his will in their favor; then they treated him like dirt The Wainwrights treated Mr.,Folks said he died just to be ride of the folks' everlasting nagging.,"['The Wainwrights treated Mr', 'Crowley like a prince until he made his will in their favor; then they treated him like dirt']","[""Folks said he died just to be ride of the folks' everlasting nagging."", ""Folks said he died just to be ride of the folks' everlasting nagging.""]","['entailAlign', 'unaligned']"

There is a gap in the wall. You can see the garden through it.,You can see the garden through the wall.,"['There is a gap in the wall', 'You can see the garden through it.']","['You can see the garden through the wall.', 'You can see the garden through the wall.']","['entailAlign', 'unaligned']"

"They hunted for deer on the river banks. Archaeologists have concluded that humans lived in Laputa 20,000 years ago.",Archaeologists hunted for deer on the river banks.,"['Archaeologists have concluded that humans lived in Laputa 20,000 years ago', 'They hunted for deer on the river banks.']","['Archaeologists hunted for deer on the river banks.', 'Archaeologists hunted for deer on the river banks.']","['entailAlign', 'unaligned']"

"He subtracted that amount from the man's wages, and made out his check Then Dad figured out how much the man owed the store; to that he added the man's board-bill at the cook-shanty.",The man subtracted that amount from the man's wages.,"[""Then Dad figured out how much the man owed the store; to that he added the man's board-bill at the cook-shanty"", ""He subtracted that amount from the man's wages, and made out his check""]","[""The man subtracted that amount from the man's wages."", ""The man subtracted that amount from the man's wages.""]","['entailAlign', 'unaligned']"

The customer walked into the bank and stabbed one of the tellers. He was immediately taken to the hospital.,The teller was immediately taken to the hospital.,"['The customer walked into the bank and stabbed one of the tellers', 'He was immediately taken to the hospital.']","['The teller was immediately taken to the hospital.', 'The teller was immediately taken to the hospital.']","['entailAlign', 'unaligned']"

"Fred is the only man alive who still remembers my father as an infant. When Fred first saw my father, he was twelve months old.","When Fred first saw my father, My father was twelve months old.","['Fred is the only man alive who still remembers my father as an infant', 'When Fred first saw my father, he was twelve months old.']","['When Fred first saw my father, My father was twelve months old.', 'When Fred first saw my father, My father was twelve months old.']","['entailAlign', 'unaligned']"

"Bob was playing cards with Adam and was way ahead. If Adam hadn't had a sudden run of good luck, he would have lost.",Bob would have lost.,"['Bob was playing cards with Adam and was way ahead', ""If Adam hadn't had a sudden run of good luck, he would have lost.""]","['Bob would have lost.', 'Bob would have lost.']","['entailAlign', 'unaligned']"

Dan had to stop Bill from toying with the injured bird. He is very cruel.,Dan is very cruel.,"['Dan had to stop Bill from toying with the injured bird', 'He is very cruel.']","['Dan is very cruel.', 'Dan is very cruel.']","['entailAlign', 'unaligned']"

"I couldn't find a spoon, so I tried using a pen to stir my coffee. But that turned out to be a bad idea, because it got full of coffee.",The coffee got full of coffee.,"[""I couldn't find a spoon, so I tried using a pen to stir my coffee"", 'But that turned out to be a bad idea, because it got full of coffee.']","['The coffee got full of coffee.', 'The coffee got full of coffee.']","['entailAlign', 'unaligned']"

"Archaeologists have concluded that humans lived in Laputa 20,000 years ago. They hunted for evidence on the river banks.",Archaeologists hunted for evidence on the river banks.,"['Archaeologists have concluded that humans lived in Laputa 20,000 years ago', 'They hunted for evidence on the river banks.']","['Archaeologists hunted for evidence on the river banks.', 'Archaeologists hunted for evidence on the river banks.']","['entailAlign', 'unaligned']"

They have gotten very nervous. The foxes are getting in at night and attacking the chickens.,The chickens have gotten very nervous.,"['The foxes are getting in at night and attacking the chickens', 'They have gotten very nervous.']","['The chickens have gotten very nervous.', 'The chickens have gotten very nervous.']","['entailAlign', 'unaligned']"

"In July, Kamtchatka declared war on Yakutsk. Since Yakutsk's army was much better equipped and ten times larger, they were defeated within weeks.",Kamchatka was defeated within weeks.,"['In July, Kamtchatka declared war on Yakutsk', ""Since Yakutsk's army was much better equipped and ten times larger, they were defeated within weeks.""]","['Kamchatka was defeated within weeks.', 'Kamchatka was defeated within weeks.']","['entailAlign', 'unaligned']"

He is very compassionate. Dan had to stop Bill from toying with the injured bird.,Dan is very compassionate.,"['Dan had to stop Bill from toying with the injured bird', 'He is very compassionate.']","['Dan is very compassionate.', 'Dan is very compassionate.']","['entailAlign', 'unaligned']"

"If Bob had left home for work on time, he would be gone by this time. Adam can't leave work here until Bob arrives to replace him.",Adam would be gone by this time.,"[""Adam can't leave work here until Bob arrives to replace him"", 'If Bob had left home for work on time, he would be gone by this time.']","['Adam would be gone by this time.', 'Adam would be gone by this time.']","['entailAlign', 'unaligned']"

